{
  "ecmaFeatures": {
    "modules": true
  },
  "env": {
    "es6": true
  },
  "parserOptions": {
    "sourceType": "module"
  },
  "rules": {
    "arrow-parens": [2, "always"],
    "arrow-spacing": [2, {"before": true, "after": true}],
    "constructor-super": 2,
    "generator-star-spacing": [2, "before"],
    "no-class-assign": 2,
    "no-const-assign": 2,
    "no-this-before-super": 2,
    "no-var": 2,
    "object-shorthand": [2, "always"],
    "prefer-const": 2,
    "prefer-spread": 2,
    "prefer-reflect": 0,
    "require-yield": 2
  }
}
